709,11
1lrx,2
1334,3
176s,4
1o17,1
1kxb,2
1e0a,5
1e0b,6
1e0c,6
1ee8,1
1ij9,15
1nhs,3
1ee9,2
1ha,17
1ocq,1
1fz2,2
1hd,1
14q,26
c3a,7
1s5d,4
1o0c,5
10ug,3
1fz6,1
1oe9,2
1d76,1
169,1
1pz0,1
1ocz,3
1o0g,2
1qsi,1
1o0h,7
1e0s,8
1hnn,1
1i77,3
1j0o,3
1o0k,2
1j0p,3
5o4,7
10up,2
177k,2
10uq,1
1n5u,3
1qsq,2
1o22,6
1odf,1
1d6c,2
1j9,6
1qu6,1
1aa2,2
2e5,1
20b,16
1niq,1
7e4,1
1nir,1
1iiw,3
1iiy,2
1iiz,18
1ka1,1
1odq,1
1n6d,3
12m7,4
ibe,4
1of4,1
1s6a,2
174,5
ara,2
1ih,1
2dc,1
13h9,4
1ik,1
1n6m,1
c4f,5
1o1h,3
1o1i,3
1lto,3
2di,1
15vi,5
18h8,5
1j31,2
1rof,1
6in,3
16qg,2
1dl5,3
1j1t,1
6ip,3
1pyw,1
1hov,5
c62,1
1mot,7
1ltz,1
1o1u,2
178t,19
1o38,2
1ab6,1
1rq6,1
1o1y,3
1og1,3
1og2,3
1d7m,4
krs,1
1pzg,2
1oes,5
1pzh,2
1dkf,1
1og8,3
1oev,3
1que,2
1pzk,1
1luj,3
187,23
1ji,5
1oex,7
1mpe,18
1fzw,1
237,3
1e47,4
734,1
1hr3,4
1nkg,12
1n96,3
2g0,13
1nki,12
1cpy,5
11rn,1
1o2q,3
1j48,9
1faj,1
1jz,1
4uc,3
1nm2,1
1fan,8
1nkq,7
14cd,1
22e,2
1o2z,1
1nm7,3
1rr9,3
1nkv,1
1nkw,2
1oh4,1
193,1
1nkz,1
1mqb,1
1bx4,3
eyb,1
1oh9,2
10xh,1
11sb,6
18j2,3
197,20
eyd,1
4w3,1
198,17
1cs1,14
1kax,6
1nlb,10
1n8n,2
1kaz,6
19cn,5
1kn,1
1egg,2
1lvr,1
1n8s,1
1qx2,3
1mqo,2
1qx4,3
1o53,3
190d,2
eyq,2
1pba,2
1abp,15
1hqx,1
1p00,1
15xs,1
1abq,15
1ad3,3
fv0,2
2h6,3
fv1,3
1ms8,2
1377,20
1378,1
18k,2
ktn,1
1lwc,4
1lb,2
lok,1
17p4,20
1lwg,3
18t,3
1fbz,2
4x6,4
1rrc,24
1qwk,8
1qwl,8
1n9q,3
1lp,1
1j62,3
1n9t,2
1mt2,1
1ly8,2
2gp,1
11tq,2
1o66,1
14ea,6
1p13,3
1ae6,2
1no4,2
1nmr,15
1ae7,11
1o4y,4
1434,2
1oho,1
191n,1
12ot,1
1csg,3
d47,33
1lxd,3
19o,10
1csh,2
1ohr,2
12ov,3
1hsd,5
1lxf,7
1lxg,7
10ze,1
19r,5
1pco,1
19s,2
13l6,1
137a,7
1e71,8
15ze,38
1ing,1
1o5i,1
1o5j,1
1mo,12
1lxp,1
lpx,7
74r,9
1jie,1
1o70,2
1mu0,4
1j5s,2
1o7,1
19g9,6
1o5s,5
1p0n,1
1o5u,6
1j5z,2
h8p,3
1pde,3
1o5x,1
1nnr,3
1jiq,3
1ip9,1
1jk4,6
1ff4,2
1np7,3
12r5,1
17po,2
1gyh,5
13ko,14
1p0x,2
1fdv,1
1ctj,3
1gyk,1
d3x,10
16uy,3
1pdo,1
17pu,1
1iob,6
1pf3,14
1oiw,3
1mte,1
13kv,4
273,12
1kdx,1
1e6p,1
1ga9,6
1pf6,4
1pdt,1
138e,4
mn1,1
3da,2
mn2,1
1noc,1
143a,1
1ioh,1
1e6w,6
1e6x,9
1f34,1
75u,20
1a1y,1
1e6z,10
1mv3,1
1aeo,3
1lyy,1
1ag3,6
3f2,4
cmj,2
cmk,2
12qr,2
1003,4
19ga,6
1p1u,1
1ojo,2
1lzc,4
1lzd,4
1fg7,13
16vw,1
1a2h,1
76f,11
12s9,5
1kg5,1
19gg,3
1mub,1
6oc,1
281,3
282,1
1e7o,7
1ipe,5
1qb0,3
1npb,1
17qz,2
1lzq,9
1j92,2
1lzs,1
1qb7,1
1o7n,3
2jn,1
1o91,1
1o7o,3
19gv,3
1o94,1
1kfe,1
jcs,6
1pfa,8
1p2m,1
1o7s,1
17rf,1
jct,6
1spi,1
1rup,4
1kfh,4
1460,1
1muw,6
1p44,1
17rk,1
1pfh,1
3g6,2
3g7,1
1p2x,1
1okr,3
1512,4
1513,2
1mva,3
290,8
1qaj,1
1516,4
1gc6,2
1517,2
kxy,2
hp4,5
14j3,3
1pft,10
1mvh,2
19hn,5
lu8,3
1mvj,4
1agg,6
1f50,69
1b00,6
lsy,4
mp6,1
15e4,1
1iql,1
1qc7,1
1ell,4
100f,10
1mvp,1
1mx2,3
1r8,3
1o8q,1
1o8r,1
1f58,2
fa4,3
5uy,3
1f59,2
1kgg,7
1ns3,1
100p,2
1agv,3
19ia,1
1agx,4
1rx9,9
1on2,1
1ns8,2
1ns9,1
1fi7,5
1pgl,1
17st,1
1fgy,1
1f4g,2
1pgs,1
1pgt,1
1p4a,1
19im,14
hq6,6
14is,1
1gby,1
hq7,6
146b,1
1o9l,1
19ir,2
1mwn,6
151a,1
19iv,12
151c,4
1ry0,1
196f,1
1drw,2
lud,2
1p62,1
1o9v,1
1iru,2
1p4r,30
ika,3
909,4
1nt9,2
1phn,1
1khs,1
lup,2
1q19,1
1le2,3
guw,12
1pht,1
1mxg,2
1qe2,8
361,4
362,4
18q9,1
363,4
410,2
411,15
367,4
1a5y,6
1ssf,1
369,3
1mz4,3
1nsm,2
1mxs,5
1hxx,2
1p70,1
1p71,2
1oni,2
1iu6,6
1q0j,2
1iu7,6
1iu8,6
152j,1
1p5s,2
1nu5,4
1k5x,1
1ak9,1
1bf3,2
1sb,1
1qdd,1
1p5v,1
1op2,1
1q23,1
gvq,4
1fk8,2
cqq,3
1pim,1
1ons,3
1op5,1
1dtd,6
gvs,4
16zy,1
1cyk,1
1qdi,1
1pk2,2
1onv,3
1pk3,2
1myg,4
14m5,3
1ma3,1
2nl,1
1a6v,4
1ajj,10
1qf7,1
1dts,6
40o,1
40p,1
2np,2
1ooe,1
1p6m,1
18qb,2
1ooj,1
1l32,8
1rys,1
40x,14
mrb,15
40y,2
lwi,16
40z,4
36b,3
lwk,18
36c,3
1b2a,7
1fju,2
1qef,4
1l1w,6
1jox,6
18ql,1
1a7i,1
36f,3
18qo,8
1q39,1
1oq9,1
19lk,8
1cb7,3
1p7a,12
1cb9,3
1f7k,1
1qg1,2
1qg2,1
1qep,1
1lg7,7
1a95,1
1a96,1
1bfc,2
15i6,1
1bff,4
1qew,1
36v,3
1bfi,1
1g42,2
36x,3
1nw0,2
ke1,2
1akr,3
1am4,1
3jo,5
19mb,4
1or2,1
1pkk,1
1066,1
gxq,11
5ze,6
12y8,2
gxr,2
1q2s,1
1or5,1
1nuy,1
1gfq,3
1rab,3
1qfi,1
1q47,1
154s,4
1opv,1
154t,4
lxq,4
1or9,1
1cav,2
lxt,7
1nvb,1
1pkv,6
18t9,14
1q3a,3
1f8q,1
fdm,3
1rc1,1
1f8s,9
397,8
1maw,3
15hv,1
1nvm,2
1b3v,8
1uy,3
1nvn,3
1lga,29
1b3w,8
1fll,4
37z,1
1fln,11
1nvq,1
1071,1
1ix9,3
1q3m,1
1nvs,9
1kll,1
1jqr,4
105p,1
16cy,1
19na,2
1h05,12
1os2,1
1mbc,3
1flt,3
1p8w,1
1mbd,1
15ic,1
1fn7,1
1q3t,1
1m05,5
1ggs,1
1plq,1
1m09,22
1oqy,1
1f9j,1
1hbq,1
ry,1
1q3z,1
1oqz,1
1f9k,3
1dwl,3
1x0,1
1mbo,2
106b,6
1fmd,2
1ora,1
1nwg,6
12ye,2
1q4b,1
1orb,1
1q4c,1
1qgx,1
1a9z,1
1org,1
1rd7,1
18tb,7
1nwp,2
1ams,6
88w,1
1amt,7
1erv,1
1ot0,3
1mca,1
1qhc,2
1nwv,2
1l67,4
1m13,1
39e,3
1583,3
1po0,2
1584,3
1585,3
su,2
1586,3
18v1,8
hup,1
1r13,1
1kmv,1
1587,3
156u,5
huq,1
1588,3
1kmx,1
1589,3
14q3,4
1orz,1
1lht,2
1ccx,1
1lhx,1
107c,1
1pmz,1
1fne,4
1nxh,3
a3f,1
1hda,3
467,13
1nxq,5
1l5p,1
12zo,4
a3i,1
1bio,7
1r0g,5
a3k,1
1m20,1
1m21,2
1b6a,1
1h0u,1
1h27,13
1qig,1
4j6,2
tu,1
1g6b,1
1pp5,1
10m3,31
12af,7
1cdx,2
1qk3,1
1pnw,1
14pu,4
1b80,1
16fk,1
1rf1,1
158a,3
1mdv,9
158b,3
1kod,8
158c,3
1poa,4
50m,16
50n,15
12c5,4
50o,2
12c6,4
50p,5
1g87,3
50q,2
1g6v,1
1meb,1
1poj,1
1ov2,1
1m1p,2
1nyx,4
19qf,3
ld7,2
1pq1,1
1a3,5
13vx,9
1hg5,2
cwz,1
2tj,1
1mg3,1
1meq,1
46k,3
1nzf,2
g14,10
1oua,5
1ib4,1
1met,3
1apk,1
a5b,3
1mg9,1
1ppa,1
19qy,1
1b99,1
1juo,1
cxi,1
1nb9,2
1r2f,1
1gkj,1
a5j,1
96t,9
1juu,5
1m42,1
1m2r,3
k5g,2
1ow6,1
1m2s,8
k5h,1
1q97,5
11hg,1
1pps,17
1naf,3
1m2y,1
1ppu,3
1666,26
1lm8,1
1evi,2
1nal,26
1ovb,1
1mh6,1
15o6,1
1mfw,8
1fqj,4
1zx,1
1nc5,3
1rh8,1
1pqc,11
1evs,1
l0v,2
1pqd,4
1lle,4
165f,4
1jvt,1
17e6,7
1ag,4
1sc9,3
1i00,1
1ai,129
1aj,151
1kqr,20
y5,3
1m3s,5
1kqt,6
1ln1,1
1kqu,1
1gn6,10
1nbd,1
1ovx,1
1ibk,4
1i09,1
1rgi,1
120r,1
1c5,3
l1i,1
1mi1,2
120s,1
1arf,1
1qn3,2
1mgp,2
14u7,1
10p6,2
1bmb,4
xb,12
11is,1
16io,3
1rgr,3
1q9e,1
1id8,1
1owf,11
6ay,11
1q9g,1
1q9h,1
1h4m,2
lel,2
1nbx,1
lg1,1
lg2,1
kjv,1
8s3,1
1gmp,26
1d18,10
1pt0,2
1m65,1
166l,1
1bl,1
1hhm,1
1q9v,2
1lmo,1
1d0,1
1gmt,3
14tp,5
10oo,2
1n14,1
1r4t,4
1qmn,2
1mhm,3
1bt,6
1d6,25
1n18,33
1mhp,1
1scf,7
2wk,1
1c5i,1
1ne0,2
1fsg,2
jr3,2
1qmy,1
1oxf,1
1au1,2
1h5l,3
jr7,2
1n0d,4
14uc,2
1fso,2
17g3,2
1bp1,3
1m5m,12
yn,2
ivc,1
99v,1
1h5w,1
1s0i,3
1r71,3
1qni,1
1jxz,1
caz,8
1mii,1
1ndd,1
k8l,10
2xe,7
1qnn,6
122q,1
12fh,3
12fi,3
1ath,2
k8t,6
hba,12
an4,1
1s27,1
1rk1,4
1nf0,4
1mk8,1
1mk9,1
1ndr,4
1h6m,3
1fv0,1
60j,4
1hjc,2
1ndx,4
1ndy,4
1qob,4
1ndz,2
1ktm,1
1df,2
1atx,2
mbj,2
1oa8,6
1oa9,2
1atz,2
1m85,1
1bow,1
1rjc,13
1pto,9
8u8,4
1mji,1
1lq2,2
9nr,6
10qo,2
1s1n,2
1n1t,1
1s1p,4
19vo,1
1lq9,4
1m7a,1
1s1w,1
15s9,1
1ob0,1
1805,1
1ob1,1
124a,1
lhk,1
1dfb,2
1auu,2
1ob5,2
kmt,3
134,6
1dff,2
1mkc,1
1auy,2
1gr0,1
1m7p,2
1s2f,1
1n2k,3
1dfi,1
1h98,2
1m94,3
1qph,1
1lr1,11
1i48,1
1r95,2
1r7t,3
1oaa,2
1s41,1
1lr6,4
1oac,1
1lr7,4
1dfs,1
1qpq,3
1lr8,3
1qpr,1
1qr5,1
6et,24
1qr7,1
1bqe,8
1bqf,23
1mkv,1
1qpx,7
hdg,2
kno,1
h0t,14
1hla,4
16o7,4
1hlb,3
1hlc,3
hdk,3
1fd,6
m25,1
1n3g,1
1cn1,4
1r8m,2
1pvn,2
1pvo,2
1clr,1
1rld,1
1s3k,6
1s3l,1
1ngf,2
1m8y,1
15sl,6
1e09,2
1clx,2
1r8v,1
1ngi,1
13a,1
1h9a,2
1ii1,30
6h3,3
aq2,5
1ngl,4
13d,1
1di8,5
1ngm,4
koi,1
1mn9,1
1n4a,3
1brk,5
1igy,1
1brl,3
1h9n,1
1rlx,1
16p8,4
13p,2
1d4p,1
1ge,1
17it,2
1i60,1
1r9k,1
1pwk,1
1dhj,2
1gt4,2
1dhn,18
1go,18
1lrq,3
1lrr,3
1rmj,4
181h,1
